salesforce_id,account_name,domain,country
MOCK-SF-001,Brambleforge Manufacturing Ltd, HTTPS://WWW.BRAMBLEFORGE.EXAMPLE/accounts/ ,United Kingdom
MOCK-SF-002,ALDERQUAY TECHNOLOGY LTD,alderquay.example,Ireland
MOCK-SF-003,Coppermere Logistics Ltd,coppermere.example,United Kingdom
MOCK-SF-004,FERNWICK FOODS LTD, HTTPS://WWW.FERNWICK.EXAMPLE/accounts/ ,United Kingdom
MOCK-SF-005,Wrenhaven Engineering Ltd,wrenhaven.example,Ireland
MOCK-SF-006,MOSSBRIDGE SOFTWARE LTD,mossbridge.example,United Kingdom
MOCK-SF-007,Hazelport Distribution Ltd, HTTPS://WWW.HAZELPORT.EXAMPLE/accounts/ ,United Kingdom
MOCK-SF-008,ROWANFIELD HEALTHCARE LTD,rowanfield.example,Ireland
MOCK-SF-009,Birchspire Components Ltd,birchspire.example,United Kingdom
MOCK-SF-010,LARKSTONE DIGITAL LTD, HTTPS://WWW.LARKSTONE.EXAMPLE/accounts/ ,United Kingdom
MOCK-SF-011,Ashgrove Packaging Ltd,ashgrove.example,Ireland
MOCK-SF-012,THISTLEWICK RETAIL LTD,thistlewick.example,United Kingdom
MOCK-SF-013,Willowquay Systems Ltd, HTTPS://WWW.WILLOWQUAY.EXAMPLE/accounts/ ,United Kingdom
MOCK-SF-014,OAKMERE TEXTILES LTD,oakmere.example,Ireland
MOCK-SF-015,Hawthornvale Services Ltd,hawthornvale.example,United Kingdom
MOCK-SF-016,ELMPORT DEVICES LTD, HTTPS://WWW.ELMPORT.EXAMPLE/accounts/ ,United Kingdom
MOCK-SF-017,Silverfen Manufacturing Ltd,silverfen-legacy.example,Ireland
MOCK-SF-018,AMBERQUAY TECHNOLOGY LTD,amberquay-legacy.example,United Kingdom
MOCK-SF-019,Cedarwick Logistics Ltd,cedarwick-legacy.example,United Kingdom
MOCK-SF-020,JUNIPERMERE FOODS LTD,junipermere-legacy.example,Ireland
